CONGRESS,STARTDIST,ENDDIST,NOTES
1,17890304,17910304,End date changed
2,17910304,17930304,End date changed
3,17930304,17950304,End date changed
4,17950304,17970304,End date changed
5,17970304,17990304,End date changed
6,17990304,18010304,End date changed
7,18010304,18030304,End date changed
8,18030304,18050304,End date changed
9,18050304,18070304,End date changed
10,18070304,18090304,End date changed
11,18090304,18110304,End date changed
12,18110304,18130304,End date changed
13,18130304,18150304,End date changed
14,18150304,18170304,End date changed
15,18170304,18190304,End date changed
16,18190304,18210304,End date changed
17,18210304,18230304,End date changed
18,18230304,18250304,End date changed
19,18250304,18270304,End date changed
20,18270304,18290304,End date changed
21,18290304,18310304,End date changed
22,18310304,18330304,End date changed
23,18330304,18350304,End date changed
24,18350304,18370304,End date changed
25,18370304,18390304,End date changed
26,18390304,18410304,End date changed
27,18410304,18430304,End date changed
28,18430304,18450304,End date changed
29,18450304,18470304,End date changed
30,18470304,18490304,End date changed
31,18490304,18510304,End date changed
32,18510304,18530304,End date changed
33,18530304,18550304,End date changed
34,18550304,18570304,End date changed
35,18570304,18590304,End date changed
36,18590304,18610304,End date changed
37,18610304,18630304,End date changed
38,18630304,18650304,End date changed
39,18650304,18670304,End date changed
40,18670304,18690304,End date changed
41,18690304,18710304,End date changed
42,18710304,18730304,End date changed
43,18730304,18750304,End date changed
44,18750304,18770304,End date changed
45,18770304,18790304,End date changed
46,18790304,18810304,End date changed
47,18810304,18830304,End date changed
48,18830304,18850304,End date changed
49,18850304,18870304,End date changed
50,18870304,18890304,End date changed
51,18890304,18910304,End date changed
52,18910304,18930304,End date changed
53,18930304,18950304,End date changed
54,18950304,18970304,End date changed
55,18970304,18990304,End date changed
56,18990304,19010304,End date changed
57,19010304,19030304,End date changed
58,19030304,19050304,End date changed
59,19050304,19070304,End date changed
60,19070304,19090304,End date changed
61,19090304,19110304,End date changed
62,19110304,19130304,End date changed
63,19130304,19150304,End date changed
64,19150304,19170304,End date changed
65,19170304,19190304,End date changed
66,19190304,19210304,End date changed
67,19210304,19230304,End date changed
68,19230304,19250304,End date changed
69,19250304,19270304,End date changed
70,19270304,19290304,End date changed
71,19290304,19310304,End date changed
72,19310304,19330304,End date changed
73,19330304,19350103,
74,19350103,19370103,
75,19370103,19390103,
76,19390103,19410103,
77,19410103,19430103,
78,19430103,19450103,
79,19450103,19470103,
80,19470103,19490103,
81,19490103,19510103,
82,19510103,19530103,
83,19530103,19550103,
84,19550103,19570103,
85,19570103,19590103,
86,19590103,19610103,
87,19610103,19630103,
88,19630103,19650103,
89,19650103,19670103,
90,19670103,19690103,
91,19690103,19710103,
92,19710103,19730103,
93,19730103,19750103,
94,19750103,19770103,
95,19770103,19790103,
96,19790103,19810103,
97,19810103,19830103,
98,19830103,19850103,
99,19850103,19870103,
100,19870103,19890103,
101,19890103,19910103,
102,19910103,19930103,
103,19930103,19950103,
104,19950103,19970103,
105,19970103,19990103,
106,19990103,20010103,
107,20010103,20030103,
108,20030103,20050103,
109,20050103,20070103,
110,20070103,20090103,
111,20090103,20110103,
112,20110103,20130103,
113,20130103,20150103,
114,20150103,20170103,
